period_month,post_count,workflow_stage
2024-01,1,数据处理与分析建模
2024-01,1,文献调研与知识整合
2024-02,1,uncertain
2024-02,2,文献调研与知识整合
2024-03,1,数据获取
2024-03,1,文献调研与知识整合
2024-03,1,研究构思与问题定义
2024-05,1,数据处理与分析建模
2024-05,4,文献调研与知识整合
2024-06,1,uncertain
2024-06,1,发表与知识扩散
2024-06,1,研究构思与问题定义
2024-06,1,研究设计与方案制定
2024-07,1,文献调研与知识整合
2024-07,1,研究构思与问题定义
2024-08,1,发表与知识扩散
2024-09,1,学术写作与成果表达
2024-09,3,文献调研与知识整合
2024-09,2,研究构思与问题定义
2024-10,1,uncertain
2024-10,1,数据处理与分析建模
2024-10,2,文献调研与知识整合
2024-10,2,研究构思与问题定义
2024-11,1,学术写作与成果表达
2024-11,5,文献调研与知识整合
2024-11,2,研究构思与问题定义
2024-12,1,学术写作与成果表达
2024-12,9,文献调研与知识整合
2024-12,5,研究构思与问题定义
2025-01,1,学术写作与成果表达
2025-01,2,数据处理与分析建模
2025-01,9,文献调研与知识整合
2025-01,2,研究构思与问题定义
2025-01,1,研究设计与方案制定
2025-02,4,学术写作与成果表达
2025-02,3,数据处理与分析建模
2025-02,15,文献调研与知识整合
2025-02,6,研究构思与问题定义
2025-03,1,uncertain
2025-03,1,出版与评审治理
2025-03,1,学术写作与成果表达
2025-03,6,数据处理与分析建模
2025-03,25,文献调研与知识整合
2025-03,6,研究构思与问题定义
2025-03,1,研究设计与方案制定
2025-04,2,学术写作与成果表达
2025-04,1,数据处理与分析建模
2025-04,1,数据获取
2025-04,10,文献调研与知识整合
2025-04,4,研究构思与问题定义
2025-04,1,研究设计与方案制定
2025-05,2,uncertain
2025-05,7,数据处理与分析建模
2025-05,6,文献调研与知识整合
2025-05,4,研究构思与问题定义
2025-05,4,研究设计与方案制定
2025-05,1,科研效率提升与习惯养成
2025-06,1,出版与评审治理
2025-06,1,学术写作与成果表达
2025-06,3,数据获取
2025-06,11,文献调研与知识整合
2025-06,1,研究方法学习
2025-07,2,uncertain
2025-07,4,学术写作与成果表达
2025-07,2,数据获取
2025-07,12,文献调研与知识整合
2025-07,1,研究方法学习
2025-07,3,研究构思与问题定义
2025-07,2,研究设计与方案制定
2025-07,1,科研效率提升与习惯养成
2025-08,5,uncertain
2025-08,1,发表与知识扩散
2025-08,2,学术写作与成果表达
2025-08,5,文献调研与知识整合
2025-08,2,研究方法学习
2025-08,4,研究构思与问题定义
2025-08,1,科研效率提升与习惯养成
2025-08,2,结果验证与论文复现
2025-09,1,uncertain
2025-09,1,出版与评审治理
2025-09,2,学术写作与成果表达
2025-09,1,学术阅读与写作能力训练
2025-09,15,文献调研与知识整合
2025-09,4,研究构思与问题定义
2025-10,1,出版与评审治理
2025-10,1,学术写作与成果表达
2025-10,3,数据处理与分析建模
2025-10,7,文献调研与知识整合
2025-10,1,研究方法学习
2025-10,2,研究构思与问题定义
2025-10,2,研究设计与方案制定
2025-11,3,出版与评审治理
2025-11,4,学术写作与成果表达
2025-11,5,数据处理与分析建模
2025-11,2,数据获取
2025-11,20,文献调研与知识整合
2025-11,7,研究构思与问题定义
2025-11,1,科研工具与技术技能训练
2025-11,1,科研效率提升与习惯养成
2025-12,3,uncertain
2025-12,1,出版与评审治理
2025-12,1,发表与知识扩散
2025-12,5,学术写作与成果表达
2025-12,8,数据处理与分析建模
2025-12,15,文献调研与知识整合
2025-12,6,研究构思与问题定义
2025-12,3,研究设计与方案制定
2026-01,1,uncertain
2026-01,2,发表与知识扩散
2026-01,5,学术写作与成果表达
2026-01,1,实验实施与仿真执行
2026-01,3,数据处理与分析建模
2026-01,20,文献调研与知识整合
2026-01,11,研究构思与问题定义
2026-01,1,研究设计与方案制定
2026-01,1,结果解释与理论提炼
2026-02,2,uncertain
2026-02,5,学术写作与成果表达
2026-02,1,实验实施与仿真执行
2026-02,2,数据处理与分析建模
2026-02,43,文献调研与知识整合
2026-02,17,研究构思与问题定义
2026-02,1,研究设计与方案制定
2026-03,7,uncertain
2026-03,1,出版与评审治理
2026-03,2,发表与知识扩散
2026-03,10,学术写作与成果表达
2026-03,2,实验实施与仿真执行
2026-03,35,数据处理与分析建模
2026-03,1,数据获取
2026-03,73,文献调研与知识整合
2026-03,33,研究构思与问题定义
2026-03,5,研究设计与方案制定
2026-03,1,科研效率提升与习惯养成
2026-03,2,结果验证与论文复现
2026-04,5,uncertain
2026-04,2,学术写作与成果表达
2026-04,10,数据处理与分析建模
2026-04,25,文献调研与知识整合
2026-04,4,研究构思与问题定义
2026-04,2,研究设计与方案制定
2026-04,4,科研效率提升与习惯养成
